Plan_SOC_ID,Plan_ID,Plan_Name,Plan_Type,Product_Type,Customer_Type,Segment,Brand,Operator,Plan_Rental,Plan_Rental_GST,Base_Tariff,Validity_Days,Voice_Benefit,Data_Benefit,Daily_Data_Limit,Total_Data_Limit,Data_Unit,SMS_Benefit,SMS_Limit,FUP_Limit,FUP_Speed,Data_Rollover,Night_Data,Weekend_Data,Video_Benefit,5G_Eligible,4G_Eligible,OTT_Benefit,OTT_Platform,OTTS_Detail,Roaming_Benefit,ISD_Benefit,Additional_Benefits,Additional_Information,Activation_Channel,Activation_ViApp,Activation_Website,Activation_SCRM,Activation_TAT,Recharge_Channel,Tagging_Enquiry,Tagging_Request,Tagging_Complaint,Go_Live_Circle,Circle_Count,Market,Go_Live_Date,Launch_Quarter,Active_Inactive,Plan_Status,Auto_Renewal,Pack_Closure_Date,Closure_Reason,Speed_Post_Limit,Created_Date,Last_Updated_Date,Plan_Brief
26100564,PLN-PRE-00001,Vi Hero Unlimited 99,Voice,Prepaid,Retail,Entry,Vi Hero Unlimited,Vodafone Idea,99,₹99.00 (GST Inclusive @18% | Base ₹83.90 + GST ₹15.10),₹99.00 (GST Inclusive @18% | Base ₹83.90 + GST ₹15.10),18,Pay-As-You-Go Calls,0.2GB Total (Full Validity),No Daily Cap (Total 0.2 GB Pool),0.2,GB,No SMS Benefit,0,0.2GB/Validity,64 Kbps,No,Not Included,Not Included,Vi Movies & TV Access (Video Streaming),No,Yes,No,No OTT Bundled,No OTT Subscription Bundled,Free National Roaming,Not Included,Vi Movies & TV Access,Vi Movies & TV Access,Call Center,Self-Activation via Vi App,Activation via Vi Website,Assisted Activation via Store CRM,Instant to 24 Hours,Retail Outlet | Cash,Plan/Benefit Enquiry | Balance & Validity Enquiry,Activation Request | Plan Change Request | OTT Activation Request,Network/Speed Complaint | Billing Complaint | Deactivation Complaint,"ANE, APR, BIH, DEL, GUJ, HAR, HP, J&K, KAR, KER, KOL, MAH, MPCG, MUM, NE, ORI, PUN, RAJ, ROB, TN, UPE, UPW, WB",23,Pan India,26-Oct-25,Q3 FY2025-26,Active,Live,Yes,Active - Not Closed,Not Applicable (Active Plan),64 Kbps,13-Aug-25,14-Jun-26,PAYG Calls | 0.2GB Total (Full Validity)
26101189,PLN-PRE-00002,Vi Hero Unlimited 149,Unlimited,Prepaid,Retail,Entry,Vi Hero Unlimited,Vodafone Idea,149,₹149.00 (GST Inclusive @18% | Base ₹126.27 + GST ₹22.73),₹149.00 (GST Inclusive @18% | Base ₹126.27 + GST ₹22.73),20,Unlimited Calls (Local+STD+NR),1GB/Day High-Speed Data,1 GB/Day,20,GB,100 SMS/Day,2000,1GB/Day,64 Kbps,No,Not Included,Not Included,Vi Movies & TV Access (Video Streaming),No,Yes,No,No OTT Bundled,No OTT Subscription Bundled,Free National Roaming,Not Included,Vi Movies & TV Access,Vi Movies & TV Access,Retail Outlet,Self-Activation via Vi App,Activation via Vi Website,Assisted Activation via Store CRM,Instant to 24 Hours,MyApp | UPI,Plan/Benefit Enquiry | Balance & Validity Enquiry,Activation Request | Plan Change Request | OTT Activation Request,Network/Speed Complaint | Billing Complaint | Deactivation Complaint,"ANE, APR, BIH, DEL, GUJ, HAR, HP, J&K, KAR, KER, KOL, MAH, MPCG, MUM, NE, ORI, PUN, RAJ, ROB, TN, UPE, UPW, WB",23,Pan India,01-Aug-25,Q2 FY2025-26,Active,Live,Yes,Active - Not Closed,Not Applicable (Active Plan),64 Kbps,24-Jun-25,18-Sep-25,UL Calls | 1GB/Day High-Speed Data | 100 SMS/Day
26101899,PLN-PRE-00003,Vi Hero Unlimited 179,Voice,Prepaid,Retail,Entry,Vi Hero Unlimited,Vodafone Idea,179,₹179.00 (GST Inclusive @18% | Base ₹151.69 + GST ₹27.31),₹179.00 (GST Inclusive @18% | Base ₹151.69 + GST ₹27.31),28,Unlimited Calls (Local+STD+NR),2GB Total (Full Validity),No Daily Cap (Total 2 GB Pool),2,GB,300 SMS (Full Validity),300,2GB/Validity,64 Kbps,No,Not Included,Not Included,Vi Movies & TV Access (Video Streaming),No,Yes,No,No OTT Bundled,No OTT Subscription Bundled,Free National Roaming,Not Included,Vi Movies & TV Access,Vi Movies & TV Access,Retail Outlet,Self-Activation via Vi App,Activation via Vi Website,Assisted Activation via Store CRM,Instant to 24 Hours,MyApp | Debit Card,Plan/Benefit Enquiry | Balance & Validity Enquiry,Activation Request | Plan Change Request | OTT Activation Request,Network/Speed Complaint | Billing Complaint | Deactivation Complaint,"ANE, APR, KAR, KER, TN",5,South,11-May-25,Q1 FY2025-26,Active,Live,Yes,Active - Not Closed,Not Applicable (Active Plan),64 Kbps,28-Feb-25,10-Apr-26,UL Calls | 2GB Total (Full Validity) | 300 SMS
26102796,PLN-PRE-00004,Vi Hero Unlimited 199,Unlimited,Prepaid,Retail,Mass,Vi Hero Unlimited,Vodafone Idea,199,₹199.00 (GST Inclusive @18% | Base ₹168.64 + GST ₹30.36),₹199.00 (GST Inclusive @18% | Base ₹168.64 + GST ₹30.36),23,Unlimited Calls (Local+STD+NR),1GB/Day High-Speed Data,1 GB/Day,23,GB,100 SMS/Day,2300,1GB/Day,64 Kbps,No,Not Included,Not Included,Vi Movies & TV Access (Video Streaming),No,Yes,No,No OTT Bundled,No OTT Subscription Bundled,Free National Roaming,Not Included,Vi Movies & TV Access,Vi Movies & TV Access,USSD *199#,Self-Activation via Vi App,Activation via Vi Website,Assisted Activation via Store CRM,Instant to 24 Hours,Third Party App (PhonePe/Paytm),Plan/Benefit Enquiry | Balance & Validity Enquiry,Activation Request | Plan Change Request | OTT Activation Request,Network/Speed Complaint | Billing Complaint | Deactivation Complaint,"ANE, APR, KAR, KER, TN",5,South,20-Jul-25,Q2 FY2025-26,Active,Live,No,Active - Not Closed,Not Applicable (Active Plan),64 Kbps,25-May-25,02-Mar-26,UL Calls | 1GB/Day High-Speed Data | 100 SMS/Day
26103313,PLN-PRE-00005,Vi Hero Unlimited 219,Unlimited,Prepaid,Retail,Mass,Vi Hero Unlimited,Vodafone Idea,219,₹219.00 (GST Inclusive @18% | Base ₹185.59 + GST ₹33.41),₹219.00 (GST Inclusive @18% | Base ₹185.59 + GST ₹33.41),28,Unlimited Calls (Local+STD+NR),1GB/Day High-Speed Data,1 GB/Day,28,GB,100 SMS/Day,2800,1GB/Day,64 Kbps,No,Not Included,Not Included,Vi Movies & TV Access (Video Streaming),No,Yes,No,No OTT Bundled,No OTT Subscription Bundled,Free National Roaming,Not Included,Vi Movies & TV Access,Vi Movies & TV Access,Retail Outlet,Self-Activation via Vi App,Activation via Vi Website,Assisted Activation via Store CRM,Instant to 24 Hours,MyApp | Debit Card,Plan/Benefit Enquiry | Balance & Validity Enquiry,Activation Request | Plan Change Request | OTT Activation Request,Network/Speed Complaint | Billing Complaint | Deactivation Complaint,"ANE, APR, BIH, DEL, GUJ, HAR, HP, J&K, KAR, KER, KOL, MAH, MPCG, MUM, NE, ORI, PUN, RAJ, ROB, TN, UPE, UPW, WB",23,Pan India,17-Oct-25,Q3 FY2025-26,Active,Live,No,Active - Not Closed,Not Applicable (Active Plan),64 Kbps,22-Sep-25,24-Feb-26,UL Calls | 1GB/Day High-Speed Data | 100 SMS/Day
26103444,PLN-PRE-00006,Vi Hero Unlimited 239,Unlimited,Prepaid,Retail,Mass,Vi Hero Unlimited,Vodafone Idea,239,₹239.00 (GST Inclusive @18% | Base ₹202.54 + GST ₹36.46),₹239.00 (GST Inclusive @18% | Base ₹202.54 + GST ₹36.46),28,Unlimited Calls (Local+STD+NR),1.5GB/Day High-Speed Data,1.5 GB/Day,42,GB,100 SMS/Day,2800,1.5GB/Day,64 Kbps,No,Not Included,Not Included,Vi Movies & TV Access (Video Streaming),No,Yes,No,No OTT Bundled,No OTT Subscription Bundled,Free National Roaming,Not Included,Vi Movies & TV Access,Vi Movies & TV Access,MyApp,Self-Activation via Vi App,Activation via Vi Website,Assisted Activation via Store CRM,Instant to 24 Hours,Website | Netbanking,Plan/Benefit Enquiry | Balance & Validity Enquiry,Activation Request | Plan Change Request | OTT Activation Request,Network/Speed Complaint | Billing Complaint | Deactivation Complaint,"ANE, APR, BIH, DEL, GUJ, HAR, HP, J&K, KAR, KER, KOL, MAH, MPCG, MUM, NE, ORI, PUN, RAJ, ROB, TN, UPE, UPW, WB",23,Pan India,11-Jun-24,Q1 FY2024-25,Active,Live,No,Active - Not Closed,Not Applicable (Active Plan),64 Kbps,16-Mar-24,04-Aug-26,UL Calls | 1.5GB/Day High-Speed Data | 100 SMS/Day
26103613,PLN-PRE-00007,Vi Hero Unlimited 249,Unlimited,Prepaid,Retail,Mass,Vi Hero Unlimited,Vodafone Idea,249,₹249.00 (GST Inclusive @18% | Base ₹211.02 + GST ₹37.98),₹249.00 (GST Inclusive @18% | Base ₹211.02 + GST ₹37.98),28,Unlimited Calls (Local+STD+NR),1.5GB/Day High-Speed Data,1.5 GB/Day,42,GB,100 SMS/Day,2800,1.5GB/Day,64 Kbps,No,Not Included,Not Included,Vi Movies & TV Access (Video Streaming),Yes,Yes,No,No OTT Bundled,No OTT Subscription Bundled,Free National Roaming,Not Included,Vi Movies & TV Access,Vi Movies & TV Access,MyApp,Self-Activation via Vi App,Activation via Vi Website,Assisted Activation via Store CRM,Instant to 24 Hours,UPI | Wallet,Plan/Benefit Enquiry | Balance & Validity Enquiry,Activation Request | Plan Change Request | OTT Activation Request,Network/Speed Complaint | Billing Complaint | Deactivation Complaint,"ANE, APR, BIH, DEL, GUJ, HAR, HP, J&K, KAR, KER, KOL, MAH, MPCG, MUM, NE, ORI, PUN, RAJ, ROB, TN, UPE, UPW, WB",23,Pan India,18-Apr-24,Q1 FY2024-25,Active,Live,No,Active - Not Closed,Not Applicable (Active Plan),64 Kbps,03-Apr-24,22-Nov-24,UL Calls | 1.5GB/Day High-Speed Data | 100 SMS/Day | Unlimited 5G
26104439,PLN-PRE-00008,Vi Hero Unlimited 299,Unlimited,Prepaid,Retail,Value,Vi Hero Unlimited,Vodafone Idea,299,₹299.00 (GST Inclusive @18% | Base ₹253.39 + GST ₹45.61),₹299.00 (GST Inclusive @18% | Base ₹253.39 + GST ₹45.61),28,Unlimited Calls (Local+STD+NR),1.5GB/Day High-Speed Data,1.5 GB/Day,42,GB,100 SMS/Day,2800,1.5GB/Day,64 Kbps,No,Not Included,Not Included,Vi Movies & TV Access (Video Streaming),Yes,Yes,Yes,Vi Movies & TV Basic,Bundled OTT: Vi Movies & TV Basic,Free National Roaming,Not Included,Bundled OTT Subscriptions | Vi Movies & TV Access,Bundled OTT Subscriptions | Vi Movies & TV Access,USSD *199#,Self-Activation via Vi App,Activation via Vi Website,Assisted Activation via Store CRM,Instant to 24 Hours,MyApp | UPI,Plan/Benefit Enquiry | Balance & Validity Enquiry,Activation Request | Plan Change Request | OTT Activation Request,Network/Speed Complaint | Billing Complaint | Deactivation Complaint,"ANE, APR, KAR, KER, TN",5,South,12-May-25,Q1 FY2025-26,Active,Live,Yes,Active - Not Closed,Not Applicable (Active Plan),64 Kbps,05-Mar-25,18-Jun-25,UL Calls | 1.5GB/Day High-Speed Data | 100 SMS/Day | Unlimited 5G
26104792,PLN-PRE-00009,Vi Hero Unlimited 349,Unlimited,Prepaid,Retail,Value,Vi Hero Unlimited,Vodafone Idea,349,₹349.00 (GST Inclusive @18% | Base ₹295.76 + GST ₹53.24),₹349.00 (GST Inclusive @18% | Base ₹295.76 + GST ₹53.24),28,Unlimited Calls (Local+STD+NR),2GB/Day High-Speed Data,2 GB/Day,56,GB,100 SMS/Day,2800,2GB/Day,64 Kbps,No,Unlimited Data 12AM-6AM,Not Included,Vi Movies & TV Access (Video Streaming),Yes,Yes,Yes,Disney+ Hotstar Mobile,Bundled OTT: Disney+ Hotstar Mobile,Free National Roaming,Not Included,Bundled OTT Subscriptions | Vi Movies & TV Access,Bundled OTT Subscriptions | Vi Movies & TV Access,Retail Outlet,Self-Activation via Vi App,Activation via Vi Website,Assisted Activation via Store CRM,Instant to 24 Hours,Third Party App (PhonePe/Paytm),Plan/Benefit Enquiry | Balance & Validity Enquiry,Activation Request | Plan Change Request | OTT Activation Request,Network/Speed Complaint | Billing Complaint | Deactivation Complaint,"ANE, APR, BIH, DEL, GUJ, HAR, HP, J&K, KAR, KER, KOL, MAH, MPCG, MUM, NE, ORI, PUN, RAJ, ROB, TN, UPE, UPW, WB",23,Pan India,25-Mar-26,Q4 FY2025-26,Active,Live,Yes,Active - Not Closed,Not Applicable (Active Plan),64 Kbps,26-Feb-26,27-Mar-26,UL Calls | 2GB/Day High-Speed Data | 100 SMS/Day | Unlimited 5G
26105351,PLN-PRE-00010,Vi Hero Unlimited 399,Unlimited,Prepaid,Retail,Youth,Vi Hero Unlimited,Vodafone Idea,399,₹399.00 (GST Inclusive @18% | Base ₹338.14 + GST ₹60.86),₹399.00 (GST Inclusive @18% | Base ₹338.14 + GST ₹60.86),28,Unlimited Calls (Local+STD+NR),2.5GB/Day High-Speed Data,2.5 GB/Day,70,GB,100 SMS/Day,2800,2.5GB/Day,64 Kbps,No,Unlimited Data 12AM-6AM,Not Included,Vi Movies & TV Access (Video Streaming),Yes,Yes,Yes,Disney+ Hotstar Mobile + SonyLIV Mobile,Bundled OTT: Disney+ Hotstar Mobile + SonyLIV Mobile,Free National Roaming,Not Included,Bundled OTT Subscriptions | Vi Movies & TV Access,Bundled OTT Subscriptions | Vi Movies & TV Access,Retail Outlet,Self-Activation via Vi App,Activation via Vi Website,Assisted Activation via Store CRM,Instant to 24 Hours,MyApp | UPI,Plan/Benefit Enquiry | Balance & Validity Enquiry,Activation Request | Plan Change Request | OTT Activation Request,Network/Speed Complaint | Billing Complaint | Deactivation Complaint,"ANE, APR, BIH, DEL, GUJ, HAR, HP, J&K, KAR, KER, KOL, MAH, MPCG, MUM, NE, ORI, PUN, RAJ, ROB, TN, UPE, UPW, WB",23,Pan India,04-Sep-25,Q2 FY2025-26,Active,Live,No,Active - Not Closed,Not Applicable (Active Plan),64 Kbps,27-Jul-25,10-Nov-25,UL Calls | 2.5GB/Day High-Speed Data | 100 SMS/Day | Unlimited 5G
26106058,PLN-PRE-00011,Vi Hero Unlimited 449,Unlimited,Prepaid,Retail,Mass,Vi Hero Unlimited,Vodafone Idea,449,₹449.00 (GST Inclusive @18% | Base ₹380.51 + GST ₹68.49),₹449.00 (GST Inclusive @18% | Base ₹380.51 + GST ₹68.49),56,Unlimited Calls (Local+STD+NR),1.5GB/Day High-Speed Data,1.5 GB/Day,84,GB,100 SMS/Day,5600,1.5GB/Day,64 Kbps,No,Unlimited Data 12AM-6AM,Not Included,Vi Movies & TV Access (Video Streaming),No,Yes,No,No OTT Bundled,No OTT Subscription Bundled,Free National Roaming,Not Included,Vi Movies & TV Access,Vi Movies & TV Access,Call Center,Self-Activation via Vi App,Activation via Vi Website,Assisted Activation via Store CRM,Instant to 24 Hours,Third Party App (PhonePe/Paytm),Plan/Benefit Enquiry | Balance & Validity Enquiry,Activation Request | Plan Change Request | OTT Activation Request,Network/Speed Complaint | Billing Complaint | Deactivation Complaint,"ANE, APR, BIH, DEL, GUJ, HAR, HP, J&K, KAR, KER, KOL, MAH, MPCG, MUM, NE, ORI, PUN, RAJ, ROB, TN, UPE, UPW, WB",23,Pan India,06-Feb-25,Q4 FY2024-25,Active,Live,Yes,Active - Not Closed,Not Applicable (Active Plan),64 Kbps,20-Jan-25,09-Sep-25,UL Calls | 1.5GB/Day High-Speed Data | 100 SMS/Day
26106202,PLN-PRE-00012,Vi Hero Unlimited 499,Unlimited,Prepaid,Retail,Mass,Vi Hero Unlimited,Vodafone Idea,499,₹499.00 (GST Inclusive @18% | Base ₹422.88 + GST ₹76.12),₹499.00 (GST Inclusive @18% | Base ₹422.88 + GST ₹76.12),56,Unlimited Calls (Local+STD+NR),2GB/Day High-Speed Data,2 GB/Day,112,GB,100 SMS/Day,5600,2GB/Day,64 Kbps,Yes,Unlimited Data 12AM-6AM,Not Included,Vi Movies & TV Access (Video Streaming),Yes,Yes,No,No OTT Bundled,No OTT Subscription Bundled,Free National Roaming,Not Included,Unused Data Rollover | Vi Movies & TV Access,Unused Data Rollover | Vi Movies & TV Access,Call Center,Self-Activation via Vi App,Activation via Vi Website,Assisted Activation via Store CRM,Instant to 24 Hours,Website | Netbanking,Plan/Benefit Enquiry | Balance & Validity Enquiry,Activation Request | Plan Change Request | OTT Activation Request,Network/Speed Complaint | Billing Complaint | Deactivation Complaint,"ANE, APR, BIH, DEL, GUJ, HAR, HP, J&K, KAR, KER, KOL, MAH, MPCG, MUM, NE, ORI, PUN, RAJ, ROB, TN, UPE, UPW, WB",23,Pan India,28-Aug-24,Q2 FY2024-25,Active,Live,No,Active - Not Closed,Not Applicable (Active Plan),64 Kbps,17-Jul-24,23-Nov-25,UL Calls | 2GB/Day High-Speed Data | 100 SMS/Day | Unlimited 5G
26106698,PLN-PRE-00013,Vi Hero Unlimited 549,Unlimited,Prepaid,Retail,Value,Vi Hero Unlimited,Vodafone Idea,549,₹549.00 (GST Inclusive @18% | Base ₹465.25 + GST ₹83.75),₹549.00 (GST Inclusive @18% | Base ₹465.25 + GST ₹83.75),56,Unlimited Calls (Local+STD+NR),2GB/Day High-Speed Data,2 GB/Day,112,GB,100 SMS/Day,5600,2GB/Day,64 Kbps,Yes,Unlimited Data 12AM-6AM,Not Included,Vi Movies & TV Access (Video Streaming),Yes,Yes,Yes,Disney+ Hotstar Mobile,Bundled OTT: Disney+ Hotstar Mobile,Free National Roaming,Not Included,Bundled OTT Subscriptions | Unused Data Rollover | Vi Movies & TV Access,Bundled OTT Subscriptions | Unused Data Rollover | Vi Movies & TV Access,MyApp,Self-Activation via Vi App,Activation via Vi Website,Assisted Activation via Store CRM,Instant to 24 Hours,MyApp | Debit Card,Plan/Benefit Enquiry | Balance & Validity Enquiry,Activation Request | Plan Change Request | OTT Activation Request,Network/Speed Complaint | Billing Complaint | Deactivation Complaint,"ANE, APR, BIH, DEL, GUJ, HAR, HP, J&K, KAR, KER, KOL, MAH, MPCG, MUM, NE, ORI, PUN, RAJ, ROB, TN, UPE, UPW, WB",23,Pan India,15-Jun-24,Q1 FY2024-25,Active,Live,No,Active - Not Closed,Not Applicable (Active Plan),64 Kbps,22-May-24,15-Sep-24,UL Calls | 2GB/Day High-Speed Data | 100 SMS/Day | Unlimited 5G
26107179,PLN-PRE-00014,Vi Hero Unlimited 599,Unlimited,Prepaid,Retail,Youth,Vi Hero Unlimited,Vodafone Idea,599,₹599.00 (GST Inclusive @18% | Base ₹507.63 + GST ₹91.37),₹599.00 (GST Inclusive @18% | Base ₹507.63 + GST ₹91.37),56,Unlimited Calls (Local+STD+NR),2.5GB/Day High-Speed Data,2.5 GB/Day,140,GB,100 SMS/Day,5600,2.5GB/Day,64 Kbps,Yes,Unlimited Data 12AM-6AM,Unlimited Data Sat-Sun,Vi Movies & TV Access (Video Streaming),Yes,Yes,Yes,ZEE5 Premium + SonyLIV Mobile,Bundled OTT: ZEE5 Premium + SonyLIV Mobile,Free National Roaming,Not Included,Bundled OTT Subscriptions | Unused Data Rollover | Vi Movies & TV Access,Bundled OTT Subscriptions | Unused Data Rollover | Vi Movies & TV Access,Call Center,Self-Activation via Vi App,Activation via Vi Website,Assisted Activation via Store CRM,Instant to 24 Hours,Retail Outlet | Cash,Plan/Benefit Enquiry | Balance & Validity Enquiry,Activation Request | Plan Change Request | OTT Activation Request,Network/Speed Complaint | Billing Complaint | Deactivation Complaint,"GUJ, MPCG, MUM",3,West,29-Dec-25,Q3 FY2025-26,Active,Live,Yes,Active - Not Closed,Not Applicable (Active Plan),64 Kbps,17-Oct-25,30-Jan-26,UL Calls | 2.5GB/Day High-Speed Data | 100 SMS/Day | Unlimited 5G
26107442,PLN-PRE-00015,Vi Hero Unlimited 649,Unlimited,Prepaid,Retail,Mass,Vi Hero Unlimited,Vodafone Idea,649,₹649.00 (GST Inclusive @18% | Base ₹550.00 + GST ₹99.00),₹649.00 (GST Inclusive @18% | Base ₹550.00 + GST ₹99.00),84,Unlimited Calls (Local+STD+NR),1.5GB/Day High-Speed Data,1.5 GB/Day,126,GB,100 SMS/Day,8400,1.5GB/Day,64 Kbps,Yes,Unlimited Data 12AM-6AM,Unlimited Data Sat-Sun,Vi Movies & TV Access (Video Streaming),No,Yes,No,No OTT Bundled,No OTT Subscription Bundled,Free National Roaming,Not Included,Unused Data Rollover | Vi Movies & TV Access,Unused Data Rollover | Vi Movies & TV Access,MyApp,Self-Activation via Vi App,Activation via Vi Website,Assisted Activation via Store CRM,Instant to 24 Hours,MyApp | UPI,Plan/Benefit Enquiry | Balance & Validity Enquiry,Activation Request | Plan Change Request | OTT Activation Request,Network/Speed Complaint | Billing Complaint | Deactivation Complaint,"GUJ, MAH, MPCG, MUM",4,West,28-Apr-26,Q1 FY2026-27,Active,Live,No,Active - Not Closed,Not Applicable (Active Plan),64 Kbps,02-Feb-26,23-May-26,UL Calls | 1.5GB/Day High-Speed Data | 100 SMS/Day
26107787,PLN-PRE-00016,Vi Hero Unlimited 699,Unlimited,Prepaid,Retail,Mass,Vi Hero Unlimited,Vodafone Idea,699,₹699.00 (GST Inclusive @18% | Base ₹592.37 + GST ₹106.63),₹699.00 (GST Inclusive @18% | Base ₹592.37 + GST ₹106.63),84,Unlimited Calls (Local+STD+NR),1.5GB/Day High-Speed Data,1.5 GB/Day,126,GB,100 SMS/Day,8400,1.5GB/Day,64 Kbps,Yes,Unlimited Data 12AM-6AM,Unlimited Data Sat-Sun,Vi Movies & TV Access (Video Streaming),Yes,Yes,No,No OTT Bundled,No OTT Subscription Bundled,Free National Roaming,Not Included,Unused Data Rollover | Vi Movies & TV Access,Unused Data Rollover | Vi Movies & TV Access,Call Center,Self-Activation via Vi App,Activation via Vi Website,Assisted Activation via Store CRM,Instant to 24 Hours,UPI | Wallet,Plan/Benefit Enquiry | Balance & Validity Enquiry,Activation Request | Plan Change Request | OTT Activation Request,Network/Speed Complaint | Billing Complaint | Deactivation Complaint,"ANE, APR, BIH, DEL, GUJ, HAR, HP, J&K, KAR, KER, KOL, MAH, MPCG, MUM, NE, ORI, PUN, RAJ, ROB, TN, UPE, UPW, WB",23,Pan India,28-Apr-26,Q1 FY2026-27,Active,Live,No,Active - Not Closed,Not Applicable (Active Plan),64 Kbps,22-Feb-26,30-May-26,UL Calls | 1.5GB/Day High-Speed Data | 100 SMS/Day | Unlimited 5G
26108420,PLN-PRE-00017,Vi Hero Unlimited 799,Unlimited,Prepaid,Retail,Value,Vi Hero Unlimited,Vodafone Idea,799,₹799.00 (GST Inclusive @18% | Base ₹677.12 + GST ₹121.88),₹799.00 (GST Inclusive @18% | Base ₹677.12 + GST ₹121.88),84,Unlimited Calls (Local+STD+NR),2GB/Day High-Speed Data,2 GB/Day,168,GB,100 SMS/Day,8400,2GB/Day,64 Kbps,Yes,Unlimited Data 12AM-6AM,Unlimited Data Sat-Sun,Vi Movies & TV Access (Video Streaming),Yes,Yes,Yes,Disney+ Hotstar Mobile,Bundled OTT: Disney+ Hotstar Mobile,Free National Roaming,Not Included,Bundled OTT Subscriptions | Unused Data Rollover | Vi Movies & TV Access,Bundled OTT Subscriptions | Unused Data Rollover | Vi Movies & TV Access,Call Center,Self-Activation via Vi App,Activation via Vi Website,Assisted Activation via Store CRM,Instant to 24 Hours,MyApp | Debit Card,Plan/Benefit Enquiry | Balance & Validity Enquiry,Activation Request | Plan Change Request | OTT Activation Request,Network/Speed Complaint | Billing Complaint | Deactivation Complaint,"ANE, APR, BIH, DEL, GUJ, HAR, HP, J&K, KAR, KER, KOL, MAH, MPCG, MUM, NE, ORI, PUN, RAJ, ROB, TN, UPE, UPW, WB",23,Pan India,27-Sep-24,Q2 FY2024-25,Active,Live,Yes,Active - Not Closed,Not Applicable (Active Plan),64 Kbps,04-Sep-24,03-Feb-25,UL Calls | 2GB/Day High-Speed Data | 100 SMS/Day | Unlimited 5G
26108807,PLN-PRE-00018,Vi Hero Unlimited 899,Unlimited,Prepaid,Retail,Premium,Vi Hero Unlimited,Vodafone Idea,899,₹899.00 (GST Inclusive @18% | Base ₹761.86 + GST ₹137.14),₹899.00 (GST Inclusive @18% | Base ₹761.86 + GST ₹137.14),90,Unlimited Calls (Local+STD+NR),2GB/Day High-Speed Data,2 GB/Day,180,GB,100 SMS/Day,9000,2GB/Day,64 Kbps,Yes,Unlimited Data 12AM-6AM,Unlimited Data Sat-Sun,Vi Movies & TV Access (Video Streaming),Yes,Yes,Yes,Amazon Prime Lite,Bundled OTT: Amazon Prime Lite,Free National Roaming,Not Included,Bundled OTT Subscriptions | Unused Data Rollover | Vi Movies & TV Access,Bundled OTT Subscriptions | Unused Data Rollover | Vi Movies & TV Access,Retail Outlet,Self-Activation via Vi App,Activation via Vi Website,Assisted Activation via Store CRM,Instant to 24 Hours,MyApp | UPI,Plan/Benefit Enquiry | Balance & Validity Enquiry,Activation Request | Plan Change Request | OTT Activation Request,Network/Speed Complaint | Billing Complaint | Deactivation Complaint,"ANE, APR, BIH, DEL, GUJ, HAR, HP, J&K, KAR, KER, KOL, MAH, MPCG, MUM, NE, ORI, PUN, RAJ, ROB, TN, UPE, UPW, WB",23,Pan India,04-Nov-24,Q3 FY2024-25,Active,Live,Yes,Active - Not Closed,Not Applicable (Active Plan),64 Kbps,24-Sep-24,20-Nov-24,UL Calls | 2GB/Day High-Speed Data | 100 SMS/Day | Unlimited 5G
26109088,PLN-PRE-00019,Vi Hero Unlimited 999,Unlimited,Prepaid,Retail,Premium,Vi Hero Unlimited,Vodafone Idea,999,₹999.00 (GST Inclusive @18% | Base ₹846.61 + GST ₹152.39),₹999.00 (GST Inclusive @18% | Base ₹846.61 + GST ₹152.39),84,Unlimited Calls (Local+STD+NR),2.5GB/Day High-Speed Data,2.5 GB/Day,210,GB,100 SMS/Day,8400,2.5GB/Day,64 Kbps,Yes,Unlimited Data 12AM-6AM,Unlimited Data Sat-Sun,Vi Movies & TV Access (Video Streaming),Yes,Yes,Yes,Netflix Mobile + Disney+ Hotstar Mobile,Bundled OTT: Netflix Mobile + Disney+ Hotstar Mobile,Free National Roaming,Not Included,Bundled OTT Subscriptions | Unused Data Rollover | Vi Movies & TV Access,Bundled OTT Subscriptions | Unused Data Rollover | Vi Movies & TV Access,Mini Store,Self-Activation via Vi App,Activation via Vi Website,Assisted Activation via Store CRM,Instant to 24 Hours,MyApp | Debit Card,Plan/Benefit Enquiry | Balance & Validity Enquiry,Activation Request | Plan Change Request | OTT Activation Request,Network/Speed Complaint | Billing Complaint | Deactivation Complaint,"APR, KAR, KER",3,South,14-Jan-25,Q4 FY2024-25,Active,Live,Yes,Active - Not Closed,Not Applicable (Active Plan),64 Kbps,13-Nov-24,11-Jul-26,UL Calls | 2.5GB/Day High-Speed Data | 100 SMS/Day | Unlimited 5G
26109793,PLN-PRE-00020,Vi Hero Unlimited 1199,Unlimited,Prepaid,Retail,Premium,Vi Hero Unlimited,Vodafone Idea,1199,₹1199.00 (GST Inclusive @18% | Base ₹1016.10 + GST ₹182.90),₹1199.00 (GST Inclusive @18% | Base ₹1016.10 + GST ₹182.90),84,Unlimited Calls (Local+STD+NR),3GB/Day High-Speed Data,3 GB/Day,252,GB,100 SMS/Day,8400,3GB/Day,64 Kbps,Yes,Unlimited Data 12AM-6AM,Unlimited Data Sat-Sun,Vi Movies & TV Access (Video Streaming),Yes,Yes,Yes,Netflix Basic + Amazon Prime Lite,Bundled OTT: Netflix Basic + Amazon Prime Lite,Free National Roaming,Not Included,Bundled OTT Subscriptions | Unused Data Rollover | Vi Movies & TV Access,Bundled OTT Subscriptions | Unused Data Rollover | Vi Movies & TV Access,Website,Self-Activation via Vi App,Activation via Vi Website,Assisted Activation via Store CRM,Instant to 24 Hours,Retail Outlet | Cash,Plan/Benefit Enquiry | Balance & Validity Enquiry,Activation Request | Plan Change Request | OTT Activation Request,Network/Speed Complaint | Billing Complaint | Deactivation Complaint,"BIH, ROB, WB",3,East,06-May-24,Q1 FY2024-25,Active,Live,Yes,Active - Not Closed,Not Applicable (Active Plan),64 Kbps,19-Apr-24,04-Sep-25,UL Calls | 3GB/Day High-Speed Data | 100 SMS/Day | Unlimited 5G
26109971,PLN-PRE-00021,Limitless Plan Vi Hero Unlimited 1499 UL,Unlimited,Prepaid,Retail,Premium,Vi Hero Unlimited,Vodafone Idea,1499,₹1499.00 (GST Inclusive @18% | Base ₹1270.34 + GST ₹228.66),₹1499.00 (GST Inclusive @18% | Base ₹1270.34 + GST ₹228.66),84,Unlimited Calls (Local+STD+NR),Limitless Data/month (bill-period),No Daily Cap (Total 300 GB Pool),300,GB,100 SMS/Day,8400,300GB/Month,5 Mbps,No,Not Included,Not Included,Vi Movies & TV Access (Video Streaming),Yes,Yes,Yes,Netflix Basic + Disney+ Hotstar Super,Bundled OTT: Netflix Basic + Disney+ Hotstar Super,Free National Roaming,Not Included,Bundled OTT Subscriptions | Vi Movies & TV Access,Bundled OTT Subscriptions | Vi Movies & TV Access,USSD *199#,Self-Activation via Vi App,Activation via Vi Website,Assisted Activation via Store CRM,Instant to 24 Hours,MyApp | UPI,Plan/Benefit Enquiry | Balance & Validity Enquiry,Activation Request | Plan Change Request | OTT Activation Request,Network/Speed Complaint | Billing Complaint | Deactivation Complaint,"ANE, APR, KAR, TN",4,South,08-Jul-25,Q2 FY2025-26,Active,Live,No,Active - Not Closed,Not Applicable (Active Plan),5 Mbps,15-Apr-25,12-Jan-26,UL Calls | Limitless Data | 100 SMS/Day | Unlimited 5G
26110658,PLN-PRE-00022,Vi Hero Unlimited Annual 3199,Unlimited,Prepaid,Retail,Premium,Vi Hero Unlimited,Vodafone Idea,3199,₹3199.00 (GST Inclusive @18% | Base ₹2711.02 + GST ₹487.98),₹3199.00 (GST Inclusive @18% | Base ₹2711.02 + GST ₹487.98),365,Unlimited Calls (Local+STD+NR),2GB/Day High-Speed Data,2 GB/Day,730,GB,100 SMS/Day,36500,2GB/Day,64 Kbps,Yes,Unlimited Data 12AM-6AM,Unlimited Data Sat-Sun,Vi Movies & TV Access (Video Streaming),Yes,Yes,Yes,Disney+ Hotstar Mobile,Bundled OTT: Disney+ Hotstar Mobile,Free National Roaming,Not Included,Bundled OTT Subscriptions | Unused Data Rollover | Vi Movies & TV Access,Bundled OTT Subscriptions | Unused Data Rollover | Vi Movies & TV Access,USSD *199#,Self-Activation via Vi App,Activation via Vi Website,Assisted Activation via Store CRM,Instant to 24 Hours,Third Party App (PhonePe/Paytm),Plan/Benefit Enquiry | Balance & Validity Enquiry,Activation Request | Plan Change Request | OTT Activation Request,Network/Speed Complaint | Billing Complaint | Deactivation Complaint,"DEL, KOL, MUM",3,Metro,15-Apr-24,Q1 FY2024-25,Active,Live,No,Active - Not Closed,Not Applicable (Active Plan),64 Kbps,12-Feb-24,08-May-25,UL Calls | 2GB/Day High-Speed Data | 100 SMS/Day | Unlimited 5G
26111156,PLN-PRE-00023,Vi Hero Unlimited Data Booster 19,Data,Prepaid,Retail,Data Add-On,Vi Hero Unlimited,Vodafone Idea,19,₹19.00 (GST Inclusive @18% | Base ₹16.10 + GST ₹2.90),₹19.00 (GST Inclusive @18% | Base ₹16.10 + GST ₹2.90),1,No Voice Benefit (Data Only Pack),1GB Total (Full Validity),No Daily Cap (Total 1 GB Pool),1,GB,No SMS Benefit,0,1GB/Validity,64 Kbps,No,Not Included,Not Included,Standard Video Streaming (SD),No,Yes,No,No OTT Bundled,No OTT Subscription Bundled,Not Included,Not Included,No Additional Benefit,No Additional Information,Call Center,Self-Activation via Vi App,Activation via Vi Website,Assisted Activation via Store CRM,Instant to 24 Hours,MyApp | UPI,Plan/Benefit Enquiry | Balance & Validity Enquiry,Activation Request | Plan Change Request | OTT Activation Request,Network/Speed Complaint | Billing Complaint | Deactivation Complaint,"ANE, APR, BIH, DEL, GUJ, HAR, HP, J&K, KAR, KER, KOL, MAH, MPCG, MUM, NE, ORI, PUN, RAJ, ROB, TN, UPE, UPW, WB",23,Pan India,23-Apr-26,Q1 FY2026-27,Active,Live,Yes,Active - Not Closed,Not Applicable (Active Plan),64 Kbps,24-Jan-26,20-Jun-26,Data Only | 1GB Total (Full Validity)
26111574,PLN-PRE-00024,Vi Hero Unlimited Data Booster 29,Data,Prepaid,Retail,Data Add-On,Vi Hero Unlimited,Vodafone Idea,29,₹29.00 (GST Inclusive @18% | Base ₹24.58 + GST ₹4.42),₹29.00 (GST Inclusive @18% | Base ₹24.58 + GST ₹4.42),2,No Voice Benefit (Data Only Pack),2GB Total (Full Validity),No Daily Cap (Total 2 GB Pool),2,GB,No SMS Benefit,0,2GB/Validity,64 Kbps,No,Not Included,Not Included,Standard Video Streaming (SD),No,Yes,No,No OTT Bundled,No OTT Subscription Bundled,Not Included,Not Included,No Additional Benefit,No Additional Information,Mini Store,Self-Activation via Vi App,Activation via Vi Website,Assisted Activation via Store CRM,Instant to 24 Hours,MyApp | UPI,Plan/Benefit Enquiry | Balance & Validity Enquiry,Activation Request | Plan Change Request | OTT Activation Request,Network/Speed Complaint | Billing Complaint | Deactivation Complaint,"ANE, APR, BIH, DEL, GUJ, HAR, HP, J&K, KAR, KER, KOL, MAH, MPCG, MUM, NE, ORI, PUN, RAJ, ROB, TN, UPE, UPW, WB",23,Pan India,07-Dec-25,Q3 FY2025-26,Active,Live,No,Active - Not Closed,Not Applicable (Active Plan),64 Kbps,11-Nov-25,10-Aug-26,Data Only | 2GB Total (Full Validity)
26112473,PLN-PRE-00025,Vi Hero Unlimited Data Booster 65,Data,Prepaid,Retail,Data Add-On,Vi Hero Unlimited,Vodafone Idea,65,₹65.00 (GST Inclusive @18% | Base ₹55.08 + GST ₹9.92),₹65.00 (GST Inclusive @18% | Base ₹55.08 + GST ₹9.92),28,No Voice Benefit (Data Only Pack),4GB Total (Full Validity),No Daily Cap (Total 4 GB Pool),4,GB,No SMS Benefit,0,4GB/Validity,64 Kbps,No,Not Included,Not Included,Standard Video Streaming (SD),No,Yes,No,No OTT Bundled,No OTT Subscription Bundled,Not Included,Not Included,No Additional Benefit,No Additional Information,Website,Self-Activation via Vi App,Activation via Vi Website,Assisted Activation via Store CRM,Instant to 24 Hours,Third Party App (PhonePe/Paytm),Plan/Benefit Enquiry | Balance & Validity Enquiry,Activation Request | Plan Change Request | OTT Activation Request,Network/Speed Complaint | Billing Complaint | Deactivation Complaint,"BIH, KOL, NE, ROB, WB",5,East,21-Dec-25,Q3 FY2025-26,Active,Live,No,Active - Not Closed,Not Applicable (Active Plan),64 Kbps,05-Oct-25,24-Feb-26,Data Only | 4GB Total (Full Validity)
26113084,PLN-PRE-00026,Vi Hero Unlimited Data Booster 118,Data,Prepaid,Retail,Data Add-On,Vi Hero Unlimited,Vodafone Idea,118,₹118.00 (GST Inclusive @18% | Base ₹100.00 + GST ₹18.00),₹118.00 (GST Inclusive @18% | Base ₹100.00 + GST ₹18.00),28,No Voice Benefit (Data Only Pack),12GB Total (Full Validity),No Daily Cap (Total 12 GB Pool),12,GB,No SMS Benefit,0,12GB/Validity,64 Kbps,No,Not Included,Not Included,Standard Video Streaming (SD),Yes,Yes,No,No OTT Bundled,No OTT Subscription Bundled,Not Included,Not Included,No Additional Benefit,No Additional Information,Call Center,Self-Activation via Vi App,Activation via Vi Website,Assisted Activation via Store CRM,Instant to 24 Hours,Website | Netbanking,Plan/Benefit Enquiry | Balance & Validity Enquiry,Activation Request | Plan Change Request | OTT Activation Request,Network/Speed Complaint | Billing Complaint | Deactivation Complaint,"ANE, APR, KAR, KER, TN",5,South,04-Dec-24,Q3 FY2024-25,Active,Live,Yes,Active - Not Closed,Not Applicable (Active Plan),64 Kbps,09-Oct-24,22-Jan-26,Data Only | 12GB Total (Full Validity) | Unlimited 5G
26113324,PLN-PRE-00027,Vi Hero Unlimited Data Booster 181,Data,Prepaid,Retail,Data Add-On,Vi Hero Unlimited,Vodafone Idea,181,₹181.00 (GST Inclusive @18% | Base ₹153.39 + GST ₹27.61),₹181.00 (GST Inclusive @18% | Base ₹153.39 + GST ₹27.61),28,No Voice Benefit (Data Only Pack),25GB Total (Full Validity),No Daily Cap (Total 25 GB Pool),25,GB,No SMS Benefit,0,25GB/Validity,64 Kbps,No,Not Included,Not Included,Standard Video Streaming (SD),Yes,Yes,No,No OTT Bundled,No OTT Subscription Bundled,Not Included,Not Included,No Additional Benefit,No Additional Information,USSD *199#,Self-Activation via Vi App,Activation via Vi Website,Assisted Activation via Store CRM,Instant to 24 Hours,UPI | Wallet,Plan/Benefit Enquiry | Balance & Validity Enquiry,Activation Request | Plan Change Request | OTT Activation Request,Network/Speed Complaint | Billing Complaint | Deactivation Complaint,"DEL, HAR, HP, J&K, PUN, RAJ, UPE, UPW",8,North,16-Aug-24,Q2 FY2024-25,Active,Live,No,Active - Not Closed,Not Applicable (Active Plan),64 Kbps,30-May-24,10-Aug-25,Data Only | 25GB Total (Full Validity) | Unlimited 5G
26114113,PLN-PRE-00028,Vi Hero Unlimited Data Booster 351,Data,Prepaid,Retail,Data Add-On,Vi Hero Unlimited,Vodafone Idea,351,₹351.00 (GST Inclusive @18% | Base ₹297.46 + GST ₹53.54),₹351.00 (GST Inclusive @18% | Base ₹297.46 + GST ₹53.54),56,No Voice Benefit (Data Only Pack),50GB Total (Full Validity),No Daily Cap (Total 50 GB Pool),50,GB,No SMS Benefit,0,50GB/Validity,64 Kbps,No,Not Included,Not Included,Standard Video Streaming (SD),Yes,Yes,No,No OTT Bundled,No OTT Subscription Bundled,Not Included,Not Included,No Additional Benefit,No Additional Information,MyApp,Self-Activation via Vi App,Activation via Vi Website,Assisted Activation via Store CRM,Instant to 24 Hours,Website | Netbanking,Plan/Benefit Enquiry | Balance & Validity Enquiry,Activation Request | Plan Change Request | OTT Activation Request,Network/Speed Complaint | Billing Complaint | Deactivation Complaint,"ANE, APR, BIH, DEL, GUJ, HAR, HP, J&K, KAR, KER, KOL, MAH, MPCG, MUM, NE, ORI, PUN, RAJ, ROB, TN, UPE, UPW, WB",23,Pan India,17-Feb-25,Q4 FY2024-25,Active,Live,Yes,Active - Not Closed,Not Applicable (Active Plan),64 Kbps,07-Dec-24,11-Jan-26,Data Only | 50GB Total (Full Validity) | Unlimited 5G
26114908,PLN-PRE-00029,Vi Hero Unlimited International Roaming 2999,Combo,Prepaid,Retail,International,Vi Hero Unlimited,Vodafone Idea,2999,₹2999.00 (GST Inclusive @18% | Base ₹2541.53 + GST ₹457.47),₹2999.00 (GST Inclusive @18% | Base ₹2541.53 + GST ₹457.47),10,International Roaming Minutes,5GB Total (Full Validity),No Daily Cap (Total 5 GB Pool),5,GB,100 SMS (International),100,5GB/Validity,64 Kbps,No,Not Included,Not Included,Standard Video Streaming (SD),No,Yes,No,No OTT Bundled,No OTT Subscription Bundled,International Roaming (60+ Countries),ISD @ Roaming Rate,No Additional Benefit,No Additional Information,Mini Store,Self-Activation via Vi App,Activation via Vi Website,Assisted Activation via Store CRM,Instant to 24 Hours,MyApp | Debit Card,Plan/Benefit Enquiry | Balance & Validity Enquiry,Activation Request | Plan Change Request | OTT Activation Request,Network/Speed Complaint | Billing Complaint | Deactivation Complaint,"ANE, APR, BIH, DEL, GUJ, HAR, HP, J&K, KAR, KER, KOL, MAH, MPCG, MUM, NE, ORI, PUN, RAJ, ROB, TN, UPE, UPW, WB",23,Pan India,27-Mar-26,Q4 FY2025-26,Active,Live,Yes,Active - Not Closed,Not Applicable (Active Plan),64 Kbps,05-Feb-26,20-Aug-26,100 IR Mins | 5GB Total (Full Validity) | 100 SMS
26115665,PLN-PRE-00030,Vi Hero Unlimited ISD Combo 595,Voice,Prepaid,Retail,International,Vi Hero Unlimited,Vodafone Idea,595,₹595.00 (GST Inclusive @18% | Base ₹504.24 + GST ₹90.76),₹595.00 (GST Inclusive @18% | Base ₹504.24 + GST ₹90.76),28,ISD Minutes Bundle,1GB Total (Full Validity),No Daily Cap (Total 1 GB Pool),1,GB,300 SMS (Full Validity),300,1GB/Validity,64 Kbps,No,Not Included,Not Included,Standard Video Streaming (SD),No,Yes,No,No OTT Bundled,No OTT Subscription Bundled,Free National Roaming,500 ISD Mins Bundle,No Additional Benefit,No Additional Information,Website,Self-Activation via Vi App,Activation via Vi Website,Assisted Activation via Store CRM,Instant to 24 Hours,Retail Outlet | Cash,Plan/Benefit Enquiry | Balance & Validity Enquiry,Activation Request | Plan Change Request | OTT Activation Request,Network/Speed Complaint | Billing Complaint | Deactivation Complaint,"ANE, APR, BIH, DEL, GUJ, HAR, HP, J&K, KAR, KER, KOL, MAH, MPCG, MUM, NE, ORI, PUN, RAJ, ROB, TN, UPE, UPW, WB",23,Pan India,18-Aug-24,Q2 FY2024-25,Active,Live,Yes,Active - Not Closed,Not Applicable (Active Plan),64 Kbps,13-Jun-24,26-Nov-25,500 ISD Mins | 1GB Total (Full Validity) | 300 SMS
26115814,PLN-POST-00001,Vi Max 299,Individual,Postpaid,Retail,Entry,Vi Max,Vodafone Idea,299,₹299.00 + GST ₹53.82 (18%) = ₹352.82,₹299.00 + GST ₹53.82 (18%) = ₹352.82,30,Unlimited Calls (Local+STD+NR),30GB Total (Full Validity),No Daily Cap (Total 30 GB Pool),30,GB,3000 SMS (Full Validity),3000,30GB/Validity,64 Kbps,Yes,Not Included,Not Included,Standard Video Streaming (SD),No,Yes,No,No OTT Bundled,No OTT Subscription Bundled,Free National Roaming,Not Included,Monthly Bill on Single Invoice | Unused Data Rollover,Monthly Bill on Single Invoice | Unused Data Rollover,Call Center,Self-Activation via Vi App,Activation via Vi Website,Assisted Activation via Store CRM,Instant to 24 Hours,Third Party App (PhonePe/Paytm),Plan/Benefit Enquiry | Balance & Validity Enquiry,Activation Request | Plan Change Request | OTT Activation Request,Network/Speed Complaint | Billing Complaint | Deactivation Complaint,"ANE, APR, BIH, DEL, GUJ, HAR, HP, J&K, KAR, KER, KOL, MAH, MPCG, MUM, NE, ORI, PUN, RAJ, ROB, TN, UPE, UPW, WB",23,Pan India,05-Jan-26,Q4 FY2025-26,Active,Live,Yes,Active - Not Closed,Not Applicable (Active Plan),64 Kbps,07-Dec-25,29-Apr-26,UL Calls | 30GB Total (Full Validity) | 3000SMS
26116570,PLN-POST-00002,Vi Max 401,Individual,Postpaid,Retail,Mass,Vi Max,Vodafone Idea,401,₹401.00 + GST ₹72.18 (18%) = ₹473.18,₹401.00 + GST ₹72.18 (18%) = ₹473.18,30,Unlimited Calls (Local+STD+NR),40GB Total (Full Validity),No Daily Cap (Total 40 GB Pool),40,GB,3000 SMS (Full Validity),3000,40GB/Validity,64 Kbps,Yes,Not Included,Not Included,Standard Video Streaming (SD),No,Yes,No,No OTT Bundled,No OTT Subscription Bundled,Free National Roaming,Not Included,Monthly Bill on Single Invoice | Unused Data Rollover,Monthly Bill on Single Invoice | Unused Data Rollover,USSD *199#,Self-Activation via Vi App,Activation via Vi Website,Assisted Activation via Store CRM,Instant to 24 Hours,MyApp | Debit Card,Plan/Benefit Enquiry | Balance & Validity Enquiry,Activation Request | Plan Change Request | OTT Activation Request,Network/Speed Complaint | Billing Complaint | Deactivation Complaint,"ANE, APR, KAR, TN",4,South,06-Jul-26,Q2 FY2026-27,Active,Live,Yes,Active - Not Closed,Not Applicable (Active Plan),64 Kbps,05-May-26,10-Jul-26,UL Calls | 40GB Total (Full Validity) | 3000SMS
26117402,PLN-POST-00003,Limitless Plan Vi Max 451 UL,Individual,Postpaid,Retail,Mass,Vi Max,Vodafone Idea,451,₹451.00 + GST ₹81.18 (18%) = ₹532.18,₹451.00 + GST ₹81.18 (18%) = ₹532.18,30,Unlimited Calls (Local+STD+NR),Limitless Data/month (bill-period),No Daily Cap (Total 200 GB Pool),200,GB,3000 SMS (Full Validity),3000,200GB/Month,5 Mbps,No,Not Included,Not Included,HD Video Streaming via Bundled OTT,Yes,Yes,Yes,Disney+ Hotstar Super,Bundled OTT: Disney+ Hotstar Super,Free National Roaming,Not Included,Monthly Bill on Single Invoice | Bundled OTT Subscriptions,Monthly Bill on Single Invoice | Bundled OTT Subscriptions,Mini Store,Self-Activation via Vi App,Activation via Vi Website,Assisted Activation via Store CRM,Instant to 24 Hours,MyApp | Debit Card,Plan/Benefit Enquiry | Balance & Validity Enquiry,Activation Request | Plan Change Request | OTT Activation Request,Network/Speed Complaint | Billing Complaint | Deactivation Complaint,"ANE, APR, BIH, DEL, GUJ, HAR, HP, J&K, KAR, KER, KOL, MAH, MPCG, MUM, NE, ORI, PUN, RAJ, ROB, TN, UPE, UPW, WB",23,Pan India,08-May-24,Q1 FY2024-25,Active,Live,Yes,Active - Not Closed,Not Applicable (Active Plan),5 Mbps,01-Apr-24,25-Dec-24,UL Calls | Limitless Data | 3000SMS | Unlimited 5G
26118015,PLN-POST-00004,Vi Max 501,Individual,Postpaid,Retail,Value,Vi Max,Vodafone Idea,501,₹501.00 + GST ₹90.18 (18%) = ₹591.18,₹501.00 + GST ₹90.18 (18%) = ₹591.18,30,Unlimited Calls (Local+STD+NR),75GB Total (Full Validity),No Daily Cap (Total 75 GB Pool),75,GB,3000 SMS (Full Validity),3000,75GB/Validity,64 Kbps,Yes,Not Included,Not Included,HD Video Streaming via Bundled OTT,Yes,Yes,Yes,Amazon Prime Lite,Bundled OTT: Amazon Prime Lite,Free National Roaming,Not Included,Monthly Bill on Single Invoice | Bundled OTT Subscriptions | Unused Data Rollover,Monthly Bill on Single Invoice | Bundled OTT Subscriptions | Unused Data Rollover,Retail Outlet,Self-Activation via Vi App,Activation via Vi Website,Assisted Activation via Store CRM,Instant to 24 Hours,Third Party App (PhonePe/Paytm),Plan/Benefit Enquiry | Balance & Validity Enquiry,Activation Request | Plan Change Request | OTT Activation Request,Network/Speed Complaint | Billing Complaint | Deactivation Complaint,"ANE, KER, TN",3,South,21-Dec-25,Q3 FY2025-26,Active,Live,Yes,Active - Not Closed,Not Applicable (Active Plan),64 Kbps,16-Nov-25,31-Mar-26,UL Calls | 75GB Total (Full Validity) | 3000SMS | Unlimited 5G
26118122,PLN-POST-00005,Limitless Plan Vi Max 601 UL,Family,Postpaid,Retail,Value,Vi Max,Vodafone Idea,601,₹601.00 + GST ₹108.18 (18%) = ₹709.18,₹601.00 + GST ₹108.18 (18%) = ₹709.18,30,Unlimited Calls (Local+STD+NR),Limitless Data/month (bill-period),No Daily Cap (Total 250 GB Pool),250,GB,3000 SMS (Full Validity),3000,250GB/Month,5 Mbps,No,Not Included,Not Included,HD Video Streaming via Bundled OTT,Yes,Yes,Yes,Netflix Basic + Amazon Prime Lite,Bundled OTT: Netflix Basic + Amazon Prime Lite,Free National Roaming + IR Discount,Discounted ISD Rate,Monthly Bill on Single Invoice | 2 Family Add-On Connections | Bundled OTT Subscriptions,Monthly Bill on Single Invoice | 2 Family Add-On Connections | Bundled OTT Subscriptions,Mini Store,Self-Activation via Vi App,Activation via Vi Website,Assisted Activation via Store CRM,Instant to 24 Hours,Third Party App (PhonePe/Paytm),Plan/Benefit Enquiry | Balance & Validity Enquiry,Activation Request | Plan Change Request | OTT Activation Request,Network/Speed Complaint | Billing Complaint | Deactivation Complaint,"DEL, KOL, MUM",3,Metro,21-Apr-25,Q1 FY2025-26,Active,Live,Yes,Active - Not Closed,Not Applicable (Active Plan),5 Mbps,26-Jan-25,06-Feb-26,UL Calls | Limitless Data | 3000SMS | Unlimited 5G
26118349,PLN-POST-00006,Vi Max 701,Family,Postpaid,Retail,Premium,Vi Max,Vodafone Idea,701,₹701.00 + GST ₹126.18 (18%) = ₹827.18,₹701.00 + GST ₹126.18 (18%) = ₹827.18,30,Unlimited Calls (Local+STD+NR),100GB Total (Full Validity),No Daily Cap (Total 100 GB Pool),100,GB,3000 SMS (Full Validity),3000,100GB/Validity,64 Kbps,Yes,Not Included,Not Included,HD Video Streaming via Bundled OTT,Yes,Yes,Yes,Disney+ Hotstar Super + SonyLIV Premium,Bundled OTT: Disney+ Hotstar Super + SonyLIV Premium,Free National Roaming + IR Discount,Discounted ISD Rate,Monthly Bill on Single Invoice | 2 Family Add-On Connections | Bundled OTT Subscriptions | Unused Data Rollover,Monthly Bill on Single Invoice | 2 Family Add-On Connections | Bundled OTT Subscriptions | Unused Data Rollover,USSD *199#,Self-Activation via Vi App,Activation via Vi Website,Assisted Activation via Store CRM,Instant to 24 Hours,Website | Netbanking,Plan/Benefit Enquiry | Balance & Validity Enquiry,Activation Request | Plan Change Request | OTT Activation Request,Network/Speed Complaint | Billing Complaint | Deactivation Complaint,"BIH, NE, ORI, ROB, WB",5,East,05-Nov-24,Q3 FY2024-25,Active,Live,Yes,Active - Not Closed,Not Applicable (Active Plan),64 Kbps,20-Sep-24,09-Dec-25,UL Calls | 100GB Total (Full Validity) | 3000SMS | Unlimited 5G
26118949,PLN-POST-00007,Limitless Plan Vi Max 801 UL,Family,Postpaid,Retail,Premium,Vi Max,Vodafone Idea,801,₹801.00 + GST ₹144.18 (18%) = ₹945.18,₹801.00 + GST ₹144.18 (18%) = ₹945.18,30,Unlimited Calls (Local+STD+NR),Limitless Data/month (bill-period),No Daily Cap (Total 300 GB Pool),300,GB,3000 SMS (Full Validity),3000,300GB/Month,5 Mbps,No,Not Included,Not Included,HD Video Streaming via Bundled OTT,Yes,Yes,Yes,Netflix Basic + Amazon Prime + Disney+ Hotstar Super,Bundled OTT: Netflix Basic + Amazon Prime + Disney+ Hotstar Super,Free National Roaming + IR Discount,Discounted ISD Rate,Monthly Bill on Single Invoice | 2 Family Add-On Connections | Bundled OTT Subscriptions,Monthly Bill on Single Invoice | 2 Family Add-On Connections | Bundled OTT Subscriptions,Call Center,Self-Activation via Vi App,Activation via Vi Website,Assisted Activation via Store CRM,Instant to 24 Hours,Third Party App (PhonePe/Paytm),Plan/Benefit Enquiry | Balance & Validity Enquiry,Activation Request | Plan Change Request | OTT Activation Request,Network/Speed Complaint | Billing Complaint | Deactivation Complaint,"MAH, MPCG, MUM",3,West,30-Apr-24,Q1 FY2024-25,Active,Live,Yes,Active - Not Closed,Not Applicable (Active Plan),5 Mbps,19-Mar-24,06-Aug-26,UL Calls | Limitless Data | 3000SMS | Unlimited 5G
26119580,PLN-POST-00008,Vi Max 1001,Family,Postpaid,HNI,Premium,Vi Max,Vodafone Idea,1001,₹1001.00 + GST ₹180.18 (18%) = ₹1181.18,₹1001.00 + GST ₹180.18 (18%) = ₹1181.18,30,Unlimited Calls (Local+STD+NR),150GB Total (Full Validity),No Daily Cap (Total 150 GB Pool),150,GB,3000 SMS (Full Validity),3000,150GB/Validity,64 Kbps,Yes,Not Included,Not Included,HD Video Streaming via Bundled OTT,Yes,Yes,Yes,Netflix Standard + Amazon Prime + Disney+ Hotstar Super,Bundled OTT: Netflix Standard + Amazon Prime + Disney+ Hotstar Super,Free National Roaming + IR Discount,Discounted ISD Rate,Monthly Bill on Single Invoice | 2 Family Add-On Connections | Priority Customer Care | Bundled OTT Subscriptions | Unused Data Rollover,Monthly Bill on Single Invoice | 2 Family Add-On Connections | Priority Customer Care | Bundled OTT Subscriptions | Unused Data Rollover,Call Center,Self-Activation via Vi App,Activation via Vi Website,Assisted Activation via Store CRM,Instant to 24 Hours,MyApp | Debit Card,Plan/Benefit Enquiry | Balance & Validity Enquiry,Activation Request | Plan Change Request | OTT Activation Request,Network/Speed Complaint | Billing Complaint | Deactivation Complaint,"HP, PUN, UPE, UPW",4,North,24-Feb-26,Q4 FY2025-26,Active,Live,Yes,Active - Not Closed,Not Applicable (Active Plan),64 Kbps,15-Dec-25,30-Jun-26,UL Calls | 150GB Total (Full Validity) | 3000SMS | Unlimited 5G
26119943,PLN-POST-00009,Limitless Plan Vi Max 1201 UL,Individual,Postpaid,HNI,Premium,Vi Max,Vodafone Idea,1201,₹1201.00 + GST ₹216.18 (18%) = ₹1417.18,₹1201.00 + GST ₹216.18 (18%) = ₹1417.18,30,Unlimited Calls (Local+STD+NR),Limitless Data/month (bill-period),No Daily Cap (Total 400 GB Pool),400,GB,3000 SMS (Full Validity),3000,400GB/Month,5 Mbps,No,Not Included,Not Included,HD Video Streaming via Bundled OTT,Yes,Yes,Yes,Netflix Standard + Amazon Prime,Bundled OTT: Netflix Standard + Amazon Prime,Free National Roaming + IR Discount,Discounted ISD Rate,Monthly Bill on Single Invoice | Priority Customer Care | Bundled OTT Subscriptions,Monthly Bill on Single Invoice | Priority Customer Care | Bundled OTT Subscriptions,Website,Self-Activation via Vi App,Activation via Vi Website,Assisted Activation via Store CRM,Instant to 24 Hours,MyApp | Debit Card,Plan/Benefit Enquiry | Balance & Validity Enquiry,Activation Request | Plan Change Request | OTT Activation Request,Network/Speed Complaint | Billing Complaint | Deactivation Complaint,"ANE, APR, BIH, DEL, GUJ, HAR, HP, J&K, KAR, KER, KOL, MAH, MPCG, MUM, NE, ORI, PUN, RAJ, ROB, TN, UPE, UPW, WB",23,Pan India,14-Feb-25,Q4 FY2024-25,Active,Live,Yes,Active - Not Closed,Not Applicable (Active Plan),5 Mbps,13-Dec-24,15-Sep-25,UL Calls | Limitless Data | 3000SMS | Unlimited 5G
26120553,PLN-POST-00010,Vi Max 1501,Corporate,Postpaid,Corporate,Enterprise,Vi Max,Vodafone Idea,1501,₹1501.00 + GST ₹270.18 (18%) = ₹1771.18,₹1501.00 + GST ₹270.18 (18%) = ₹1771.18,30,Unlimited Calls (Local+STD+NR),200GB Total (Full Validity),No Daily Cap (Total 200 GB Pool),200,GB,3000 SMS (Full Validity),3000,200GB/Validity,64 Kbps,Yes,Not Included,Not Included,HD Video Streaming via Bundled OTT,Yes,Yes,Yes,Netflix Standard + Amazon Prime,Bundled OTT: Netflix Standard + Amazon Prime,Free National Roaming + IR Discount,Discounted ISD Rate,Monthly Bill on Single Invoice | Priority Customer Care | Bundled OTT Subscriptions | Unused Data Rollover,Monthly Bill on Single Invoice | Priority Customer Care | Bundled OTT Subscriptions | Unused Data Rollover,Call Center,Self-Activation via Vi App,Activation via Vi Website,Assisted Activation via Store CRM,Instant to 24 Hours,MyApp | UPI,Plan/Benefit Enquiry | Balance & Validity Enquiry,Activation Request | Plan Change Request | OTT Activation Request,Network/Speed Complaint | Billing Complaint | Deactivation Complaint,"ANE, APR, BIH, DEL, GUJ, HAR, HP, J&K, KAR, KER, KOL, MAH, MPCG, MUM, NE, ORI, PUN, RAJ, ROB, TN, UPE, UPW, WB",23,Pan India,23-Oct-24,Q3 FY2024-25,Active,Live,Yes,Active - Not Closed,Not Applicable (Active Plan),64 Kbps,17-Aug-24,24-Apr-26,UL Calls | 200GB Total (Full Validity) | 3000SMS | Unlimited 5G
26121182,PLN-POST-00011,Vi Max 999,Corporate,Postpaid,SME,Enterprise,Vi Max,Vodafone Idea,999,₹999.00 + GST ₹179.82 (18%) = ₹1178.82,₹999.00 + GST ₹179.82 (18%) = ₹1178.82,30,Unlimited Calls (Local+STD+NR),120GB Total (Full Validity),No Daily Cap (Total 120 GB Pool),120,GB,3000 SMS (Full Validity),3000,120GB/Validity,64 Kbps,Yes,Not Included,Not Included,Standard Video Streaming (SD),Yes,Yes,No,No OTT Bundled,No OTT Subscription Bundled,Free National Roaming + IR Discount,Discounted ISD Rate,Monthly Bill on Single Invoice | Unused Data Rollover,Monthly Bill on Single Invoice | Unused Data Rollover,USSD *199#,Self-Activation via Vi App,Activation via Vi Website,Assisted Activation via Store CRM,Instant to 24 Hours,Website | Netbanking,Plan/Benefit Enquiry | Balance & Validity Enquiry,Activation Request | Plan Change Request | OTT Activation Request,Network/Speed Complaint | Billing Complaint | Deactivation Complaint,"DEL, HAR, J&K, RAJ, UPE, UPW",6,North,16-May-25,Q1 FY2025-26,Active,Live,Yes,Active - Not Closed,Not Applicable (Active Plan),64 Kbps,21-Feb-25,30-Jun-26,UL Calls | 120GB Total (Full Validity) | 3000SMS | Unlimited 5G
26121535,PLN-POST-00012,Limitless Plan Vi Max 1999 UL,Enterprise,Postpaid,Enterprise,Enterprise,Vi Max,Vodafone Idea,1999,₹1999.00 + GST ₹359.82 (18%) = ₹2358.82,₹1999.00 + GST ₹359.82 (18%) = ₹2358.82,30,Unlimited Calls (Local+STD+NR),Limitless Data/month (bill-period),No Daily Cap (Total 500 GB Pool),500,GB,3000 SMS (Full Validity),3000,500GB/Month,5 Mbps,No,Not Included,Not Included,HD Video Streaming via Bundled OTT,Yes,Yes,Yes,Netflix Standard + Amazon Prime,Bundled OTT: Netflix Standard + Amazon Prime,Free National Roaming + IR Discount,Discounted ISD Rate,Monthly Bill on Single Invoice | Priority Customer Care | Bundled OTT Subscriptions,Monthly Bill on Single Invoice | Priority Customer Care | Bundled OTT Subscriptions,USSD *199#,Self-Activation via Vi App,Activation via Vi Website,Assisted Activation via Store CRM,Instant to 24 Hours,MyApp | Debit Card,Plan/Benefit Enquiry | Balance & Validity Enquiry,Activation Request | Plan Change Request | OTT Activation Request,Network/Speed Complaint | Billing Complaint | Deactivation Complaint,"ANE, APR, BIH, DEL, GUJ, HAR, HP, J&K, KAR, KER, KOL, MAH, MPCG, MUM, NE, ORI, PUN, RAJ, ROB, TN, UPE, UPW, WB",23,Pan India,29-Jul-25,Q2 FY2025-26,Active,Live,Yes,Active - Not Closed,Not Applicable (Active Plan),5 Mbps,12-May-25,02-Oct-25,UL Calls | Limitless Data | 3000SMS | Unlimited 5G
26122146,PLN-PRE-00031,Limitless Plan Vi Hero Unlimited 1499 UL (Legacy),Unlimited,Prepaid,Retail,Premium,Vi Hero Unlimited,Vodafone Idea,1499,₹1499.00 (GST Inclusive @18% | Base ₹1270.34 + GST ₹228.66),₹1499.00 (GST Inclusive @18% | Base ₹1270.34 + GST ₹228.66),84,Unlimited Calls (Local+STD+NR),Limitless Data/month (bill-period),No Daily Cap (Total 225 GB Pool),225,GB,100 SMS/Day,8400,225GB/Month,5 Mbps,No,Not Included,Not Included,Vi Movies & TV Access (Video Streaming),Yes,Yes,No,No OTT Bundled,No OTT Subscription Bundled,Free National Roaming,Not Included,Vi Movies & TV Access,Vi Movies & TV Access,Call Center,Self-Activation via Vi App,Activation via Vi Website,Assisted Activation via Store CRM,Instant to 24 Hours,MyApp | Debit Card,Plan/Benefit Enquiry | Balance & Validity Enquiry,Activation Request | Plan Change Request | OTT Activation Request,Network/Speed Complaint | Billing Complaint | Deactivation Complaint,"ANE, APR, KAR, KER, TN",5,South,22-Apr-23,Q1 FY2023-24,Inactive,Grandfathered,Yes,13-Mar-25,Migrated to 5G Pack Portfolio,5 Mbps,23-Mar-23,15-Apr-25,UL Calls | Limitless Data | 100 SMS/Day | Unlimited 5G
26122798,PLN-PRE-00032,Vi Hero Unlimited 249 (Legacy),Unlimited,Prepaid,Retail,Mass,Vi Hero Unlimited,Vodafone Idea,249,₹249.00 (GST Inclusive @18% | Base ₹211.02 + GST ₹37.98),₹249.00 (GST Inclusive @18% | Base ₹211.02 + GST ₹37.98),28,Unlimited Calls (Local+STD+NR),1GB/Day High-Speed Data,1 GB/Day,28,GB,100 SMS/Day,2800,1GB/Day,64 Kbps,No,Not Included,Not Included,Vi Movies & TV Access (Video Streaming),No,Yes,No,No OTT Bundled,No OTT Subscription Bundled,Free National Roaming,Not Included,Vi Movies & TV Access,Vi Movies & TV Access,Call Center,Self-Activation via Vi App,Activation via Vi Website,Assisted Activation via Store CRM,Instant to 24 Hours,MyApp | Debit Card,Plan/Benefit Enquiry | Balance & Validity Enquiry,Activation Request | Plan Change Request | OTT Activation Request,Network/Speed Complaint | Billing Complaint | Deactivation Complaint,"ANE, APR, BIH, DEL, GUJ, HAR, HP, J&K, KAR, KER, KOL, MAH, MPCG, MUM, NE, ORI, PUN, RAJ, ROB, TN, UPE, UPW, WB",23,Pan India,02-Aug-23,Q2 FY2023-24,Inactive,Grandfathered,Yes,05-Nov-25,Circle-wise Pack Harmonisation,64 Kbps,21-Jun-23,09-Dec-25,UL Calls | 1GB/Day High-Speed Data | 100 SMS/Day
26123137,PLN-PRE-00033,Vi Hero Unlimited 549 (Legacy),Unlimited,Prepaid,Retail,Value,Vi Hero Unlimited,Vodafone Idea,549,₹549.00 (GST Inclusive @18% | Base ₹465.25 + GST ₹83.75),₹549.00 (GST Inclusive @18% | Base ₹465.25 + GST ₹83.75),56,Unlimited Calls (Local+STD+NR),1.5GB/Day High-Speed Data,1.5 GB/Day,84,GB,100 SMS/Day,5600,1.5GB/Day,64 Kbps,No,Not Included,Not Included,Vi Movies & TV Access (Video Streaming),Yes,Yes,No,No OTT Bundled,No OTT Subscription Bundled,Free National Roaming,Not Included,Vi Movies & TV Access,Vi Movies & TV Access,Retail Outlet,Self-Activation via Vi App,Activation via Vi Website,Assisted Activation via Store CRM,Instant to 24 Hours,MyApp | UPI,Plan/Benefit Enquiry | Balance & Validity Enquiry,Activation Request | Plan Change Request | OTT Activation Request,Network/Speed Complaint | Billing Complaint | Deactivation Complaint,"ANE, APR, BIH, DEL, GUJ, HAR, HP, J&K, KAR, KER, KOL, MAH, MPCG, MUM, NE, ORI, PUN, RAJ, ROB, TN, UPE, UPW, WB",23,Pan India,26-Dec-23,Q3 FY2023-24,Inactive,Withdrawn,Yes,25-Dec-24,Migrated to 5G Pack Portfolio,64 Kbps,01-Nov-23,07-Jan-25,UL Calls | 1.5GB/Day High-Speed Data | 100 SMS/Day | Unlimited 5G
26123483,PLN-PRE-00034,Vi Hero Unlimited Data Booster 181 (Legacy),Data,Prepaid,Retail,Data Add-On,Vi Hero Unlimited,Vodafone Idea,181,₹181.00 (GST Inclusive @18% | Base ₹153.39 + GST ₹27.61),₹181.00 (GST Inclusive @18% | Base ₹153.39 + GST ₹27.61),28,No Voice Benefit (Data Only Pack),18.75GB Total (Full Validity),No Daily Cap (Total 18.75 GB Pool),18.75,GB,No SMS Benefit,0,18.75GB/Validity,64 Kbps,No,Not Included,Not Included,Standard Video Streaming (SD),No,Yes,No,No OTT Bundled,No OTT Subscription Bundled,Not Included,Not Included,No Additional Benefit,No Additional Information,MyApp,Self-Activation via Vi App,Activation via Vi Website,Assisted Activation via Store CRM,Instant to 24 Hours,Retail Outlet | Cash,Plan/Benefit Enquiry | Balance & Validity Enquiry,Activation Request | Plan Change Request | OTT Activation Request,Network/Speed Complaint | Billing Complaint | Deactivation Complaint,"GUJ, MAH, MUM",3,West,20-May-23,Q1 FY2023-24,Inactive,Withdrawn,No,14-Feb-24,Low Subscriber Uptake,64 Kbps,23-Apr-23,13-Mar-24,Data Only | 18.75GB Total (Full Validity)
26123953,PLN-PRE-00035,Vi Hero Unlimited 149 (Legacy),Unlimited,Prepaid,Retail,Entry,Vi Hero Unlimited,Vodafone Idea,149,₹149.00 (GST Inclusive @18% | Base ₹126.27 + GST ₹22.73),₹149.00 (GST Inclusive @18% | Base ₹126.27 + GST ₹22.73),20,Unlimited Calls (Local+STD+NR),0.5GB/Day High-Speed Data,0.5 GB/Day,10,GB,100 SMS/Day,2000,0.5GB/Day,64 Kbps,No,Not Included,Not Included,Vi Movies & TV Access (Video Streaming),No,Yes,No,No OTT Bundled,No OTT Subscription Bundled,Free National Roaming,Not Included,Vi Movies & TV Access,Vi Movies & TV Access,Retail Outlet,Self-Activation via Vi App,Activation via Vi Website,Assisted Activation via Store CRM,Instant to 24 Hours,Retail Outlet | Cash,Plan/Benefit Enquiry | Balance & Validity Enquiry,Activation Request | Plan Change Request | OTT Activation Request,Network/Speed Complaint | Billing Complaint | Deactivation Complaint,"DEL, HAR, J&K, PUN, RAJ, UPE",6,North,03-May-23,Q1 FY2023-24,Inactive,Grandfathered,Yes,30-Mar-25,Regulatory Tariff Revision,64 Kbps,13-Feb-23,13-May-25,UL Calls | 0.5GB/Day High-Speed Data | 100 SMS/Day
26124262,PLN-PRE-00036,Vi Hero Unlimited 799 (Legacy),Unlimited,Prepaid,Retail,Value,Vi Hero Unlimited,Vodafone Idea,799,₹799.00 (GST Inclusive @18% | Base ₹677.12 + GST ₹121.88),₹799.00 (GST Inclusive @18% | Base ₹677.12 + GST ₹121.88),84,Unlimited Calls (Local+STD+NR),1.5GB/Day High-Speed Data,1.5 GB/Day,126,GB,100 SMS/Day,8400,1.5GB/Day,64 Kbps,No,Not Included,Not Included,Vi Movies & TV Access (Video Streaming),Yes,Yes,No,No OTT Bundled,No OTT Subscription Bundled,Free National Roaming,Not Included,Vi Movies & TV Access,Vi Movies & TV Access,Mini Store,Self-Activation via Vi App,Activation via Vi Website,Assisted Activation via Store CRM,Instant to 24 Hours,UPI | Wallet,Plan/Benefit Enquiry | Balance & Validity Enquiry,Activation Request | Plan Change Request | OTT Activation Request,Network/Speed Complaint | Billing Complaint | Deactivation Complaint,"ANE, APR, BIH, DEL, GUJ, HAR, HP, J&K, KAR, KER, KOL, MAH, MPCG, MUM, NE, ORI, PUN, RAJ, ROB, TN, UPE, UPW, WB",23,Pan India,30-Jun-23,Q1 FY2023-24,Inactive,Withdrawn,Yes,05-Jun-24,Circle-wise Pack Harmonisation,64 Kbps,03-Jun-23,13-Jul-24,UL Calls | 1.5GB/Day High-Speed Data | 100 SMS/Day | Unlimited 5G
26125146,PLN-PRE-00037,Vi Hero Unlimited 349 (Legacy),Unlimited,Prepaid,Retail,Value,Vi Hero Unlimited,Vodafone Idea,349,₹349.00 (GST Inclusive @18% | Base ₹295.76 + GST ₹53.24),₹349.00 (GST Inclusive @18% | Base ₹295.76 + GST ₹53.24),28,Unlimited Calls (Local+STD+NR),1.5GB/Day High-Speed Data,1.5 GB/Day,42,GB,100 SMS/Day,2800,1.5GB/Day,64 Kbps,No,Not Included,Not Included,Vi Movies & TV Access (Video Streaming),No,Yes,No,No OTT Bundled,No OTT Subscription Bundled,Free National Roaming,Not Included,Vi Movies & TV Access,Vi Movies & TV Access,Retail Outlet,Self-Activation via Vi App,Activation via Vi Website,Assisted Activation via Store CRM,Instant to 24 Hours,MyApp | Debit Card,Plan/Benefit Enquiry | Balance & Validity Enquiry,Activation Request | Plan Change Request | OTT Activation Request,Network/Speed Complaint | Billing Complaint | Deactivation Complaint,"ANE, APR, BIH, DEL, GUJ, HAR, HP, J&K, KAR, KER, KOL, MAH, MPCG, MUM, NE, ORI, PUN, RAJ, ROB, TN, UPE, UPW, WB",23,Pan India,14-Apr-23,Q1 FY2023-24,Inactive,Withdrawn,No,09-Sep-24,Low Subscriber Uptake,64 Kbps,04-Feb-23,12-Oct-24,UL Calls | 1.5GB/Day High-Speed Data | 100 SMS/Day
26125260,PLN-POST-00013,Vi Max 1001 (Legacy),Family,Postpaid,HNI,Premium,Vi Max,Vodafone Idea,1001,₹1001.00 + GST ₹180.18 (18%) = ₹1181.18,₹1001.00 + GST ₹180.18 (18%) = ₹1181.18,30,Unlimited Calls (Local+STD+NR),112.5GB Total (Full Validity),No Daily Cap (Total 112.5 GB Pool),112.5,GB,3000 SMS (Full Validity),3000,112.5GB/Validity,64 Kbps,Yes,Not Included,Not Included,Standard Video Streaming (SD),Yes,Yes,No,No OTT Bundled,No OTT Subscription Bundled,Free National Roaming + IR Discount,Discounted ISD Rate,Monthly Bill on Single Invoice | 2 Family Add-On Connections | Priority Customer Care | Unused Data Rollover,Monthly Bill on Single Invoice | 2 Family Add-On Connections | Priority Customer Care | Unused Data Rollover,Website,Self-Activation via Vi App,Activation via Vi Website,Assisted Activation via Store CRM,Instant to 24 Hours,MyApp | UPI,Plan/Benefit Enquiry | Balance & Validity Enquiry,Activation Request | Plan Change Request | OTT Activation Request,Network/Speed Complaint | Billing Complaint | Deactivation Complaint,"GUJ, MAH, MPCG",3,West,15-Feb-23,Q4 FY2022-23,Inactive,Withdrawn,Yes,06-Mar-24,Low Subscriber Uptake,64 Kbps,04-Dec-22,30-Mar-24,UL Calls | 112.5GB Total (Full Validity) | 3000SMS | Unlimited 5G
26126082,PLN-PRE-00038,Vi Hero Unlimited 179 (Legacy),Voice,Prepaid,Retail,Entry,Vi Hero Unlimited,Vodafone Idea,179,₹179.00 (GST Inclusive @18% | Base ₹151.69 + GST ₹27.31),₹179.00 (GST Inclusive @18% | Base ₹151.69 + GST ₹27.31),28,Unlimited Calls (Local+STD+NR),1.5GB Total (Full Validity),No Daily Cap (Total 1.5 GB Pool),1.5,GB,300 SMS (Full Validity),300,1.5GB/Validity,64 Kbps,No,Not Included,Not Included,Vi Movies & TV Access (Video Streaming),No,Yes,No,No OTT Bundled,No OTT Subscription Bundled,Free National Roaming,Not Included,Vi Movies & TV Access,Vi Movies & TV Access,Call Center,Self-Activation via Vi App,Activation via Vi Website,Assisted Activation via Store CRM,Instant to 24 Hours,Third Party App (PhonePe/Paytm),Plan/Benefit Enquiry | Balance & Validity Enquiry,Activation Request | Plan Change Request | OTT Activation Request,Network/Speed Complaint | Billing Complaint | Deactivation Complaint,"BIH, KOL, ORI, ROB, WB",5,East,23-Feb-24,Q4 FY2023-24,Inactive,Grandfathered,No,27-Mar-26,Replaced by Revised Pack,64 Kbps,06-Dec-23,04-May-26,UL Calls | 1.5GB Total (Full Validity) | 300 SMS
26126968,PLN-POST-00014,Vi Max 1501 (Legacy),Corporate,Postpaid,Corporate,Enterprise,Vi Max,Vodafone Idea,1501,₹1501.00 + GST ₹270.18 (18%) = ₹1771.18,₹1501.00 + GST ₹270.18 (18%) = ₹1771.18,30,Unlimited Calls (Local+STD+NR),150GB Total (Full Validity),No Daily Cap (Total 150 GB Pool),150,GB,3000 SMS (Full Validity),3000,150GB/Validity,64 Kbps,Yes,Not Included,Not Included,Standard Video Streaming (SD),Yes,Yes,No,No OTT Bundled,No OTT Subscription Bundled,Free National Roaming + IR Discount,Discounted ISD Rate,Monthly Bill on Single Invoice | Priority Customer Care | Unused Data Rollover,Monthly Bill on Single Invoice | Priority Customer Care | Unused Data Rollover,Website,Self-Activation via Vi App,Activation via Vi Website,Assisted Activation via Store CRM,Instant to 24 Hours,Third Party App (PhonePe/Paytm),Plan/Benefit Enquiry | Balance & Validity Enquiry,Activation Request | Plan Change Request | OTT Activation Request,Network/Speed Complaint | Billing Complaint | Deactivation Complaint,"BIH, KOL, NE, ORI, ROB, WB",6,East,22-Mar-24,Q4 FY2023-24,Inactive,Withdrawn,Yes,22-Mar-25,Replaced by Revised Pack,64 Kbps,13-Feb-24,27-Mar-25,UL Calls | 150GB Total (Full Validity) | 3000SMS | Unlimited 5G
26127375,PLN-PRE-00039,Vi Hero Unlimited 399 (Legacy),Unlimited,Prepaid,Retail,Youth,Vi Hero Unlimited,Vodafone Idea,399,₹399.00 (GST Inclusive @18% | Base ₹338.14 + GST ₹60.86),₹399.00 (GST Inclusive @18% | Base ₹338.14 + GST ₹60.86),28,Unlimited Calls (Local+STD+NR),2GB/Day High-Speed Data,2 GB/Day,56,GB,100 SMS/Day,2800,2GB/Day,64 Kbps,No,Not Included,Not Included,Vi Movies & TV Access (Video Streaming),No,Yes,No,No OTT Bundled,No OTT Subscription Bundled,Free National Roaming,Not Included,Vi Movies & TV Access,Vi Movies & TV Access,USSD *199#,Self-Activation via Vi App,Activation via Vi Website,Assisted Activation via Store CRM,Instant to 24 Hours,MyApp | Debit Card,Plan/Benefit Enquiry | Balance & Validity Enquiry,Activation Request | Plan Change Request | OTT Activation Request,Network/Speed Complaint | Billing Complaint | Deactivation Complaint,"ANE, APR, BIH, DEL, GUJ, HAR, HP, J&K, KAR, KER, KOL, MAH, MPCG, MUM, NE, ORI, PUN, RAJ, ROB, TN, UPE, UPW, WB",23,Pan India,16-Dec-23,Q3 FY2023-24,Inactive,Grandfathered,No,20-Jan-25,Low Subscriber Uptake,64 Kbps,20-Sep-23,01-Feb-25,UL Calls | 2GB/Day High-Speed Data | 100 SMS/Day
26128133,PLN-PRE-00040,Vi Hero Unlimited 299 (Legacy),Unlimited,Prepaid,Retail,Value,Vi Hero Unlimited,Vodafone Idea,299,₹299.00 (GST Inclusive @18% | Base ₹253.39 + GST ₹45.61),₹299.00 (GST Inclusive @18% | Base ₹253.39 + GST ₹45.61),28,Unlimited Calls (Local+STD+NR),1GB/Day High-Speed Data,1 GB/Day,28,GB,100 SMS/Day,2800,1GB/Day,64 Kbps,No,Not Included,Not Included,Vi Movies & TV Access (Video Streaming),No,Yes,No,No OTT Bundled,No OTT Subscription Bundled,Free National Roaming,Not Included,Vi Movies & TV Access,Vi Movies & TV Access,MyApp,Self-Activation via Vi App,Activation via Vi Website,Assisted Activation via Store CRM,Instant to 24 Hours,Third Party App (PhonePe/Paytm),Plan/Benefit Enquiry | Balance & Validity Enquiry,Activation Request | Plan Change Request | OTT Activation Request,Network/Speed Complaint | Billing Complaint | Deactivation Complaint,"ANE, APR, BIH, DEL, GUJ, HAR, HP, J&K, KAR, KER, KOL, MAH, MPCG, MUM, NE, ORI, PUN, RAJ, ROB, TN, UPE, UPW, WB",23,Pan India,11-Aug-23,Q2 FY2023-24,Inactive,Withdrawn,Yes,25-Jan-26,Low Subscriber Uptake,64 Kbps,15-May-23,27-Jan-26,UL Calls | 1GB/Day High-Speed Data | 100 SMS/Day
26128496,PLN-PRE-00041,Vi Hero Unlimited 99 (Legacy),Voice,Prepaid,Retail,Entry,Vi Hero Unlimited,Vodafone Idea,99,₹99.00 (GST Inclusive @18% | Base ₹83.90 + GST ₹15.10),₹99.00 (GST Inclusive @18% | Base ₹83.90 + GST ₹15.10),18,Pay-As-You-Go Calls,0.2GB Total (Full Validity),No Daily Cap (Total 0.2 GB Pool),0.2,GB,No SMS Benefit,0,0.2GB/Validity,64 Kbps,No,Not Included,Not Included,Vi Movies & TV Access (Video Streaming),No,Yes,No,No OTT Bundled,No OTT Subscription Bundled,Free National Roaming,Not Included,Vi Movies & TV Access,Vi Movies & TV Access,MyApp,Self-Activation via Vi App,Activation via Vi Website,Assisted Activation via Store CRM,Instant to 24 Hours,Website | Netbanking,Plan/Benefit Enquiry | Balance & Validity Enquiry,Activation Request | Plan Change Request | OTT Activation Request,Network/Speed Complaint | Billing Complaint | Deactivation Complaint,"ANE, APR, BIH, DEL, GUJ, HAR, HP, J&K, KAR, KER, KOL, MAH, MPCG, MUM, NE, ORI, PUN, RAJ, ROB, TN, UPE, UPW, WB",23,Pan India,03-Apr-24,Q1 FY2024-25,Inactive,Grandfathered,No,15-Nov-25,Portfolio Rationalisation,64 Kbps,23-Feb-24,27-Dec-25,PAYG Calls | 0.2GB Total (Full Validity)
26128879,PLN-PRE-00042,Vi Hero Unlimited Annual 3199 (Legacy),Unlimited,Prepaid,Retail,Premium,Vi Hero Unlimited,Vodafone Idea,3199,₹3199.00 (GST Inclusive @18% | Base ₹2711.02 + GST ₹487.98),₹3199.00 (GST Inclusive @18% | Base ₹2711.02 + GST ₹487.98),365,Unlimited Calls (Local+STD+NR),1.5GB/Day High-Speed Data,1.5 GB/Day,547.5,GB,100 SMS/Day,36500,1.5GB/Day,64 Kbps,No,Not Included,Not Included,Vi Movies & TV Access (Video Streaming),Yes,Yes,No,No OTT Bundled,No OTT Subscription Bundled,Free National Roaming,Not Included,Vi Movies & TV Access,Vi Movies & TV Access,USSD *199#,Self-Activation via Vi App,Activation via Vi Website,Assisted Activation via Store CRM,Instant to 24 Hours,Retail Outlet | Cash,Plan/Benefit Enquiry | Balance & Validity Enquiry,Activation Request | Plan Change Request | OTT Activation Request,Network/Speed Complaint | Billing Complaint | Deactivation Complaint,"DEL, HAR, HP, J&K, PUN, RAJ, UPE, UPW",8,North,20-Dec-23,Q3 FY2023-24,Inactive,Grandfathered,No,01-Jan-26,Migrated to 5G Pack Portfolio,64 Kbps,13-Oct-23,04-Feb-26,UL Calls | 1.5GB/Day High-Speed Data | 100 SMS/Day | Unlimited 5G
26129534,PLN-POST-00015,Vi Max 401 (Legacy),Individual,Postpaid,Retail,Mass,Vi Max,Vodafone Idea,401,₹401.00 + GST ₹72.18 (18%) = ₹473.18,₹401.00 + GST ₹72.18 (18%) = ₹473.18,30,Unlimited Calls (Local+STD+NR),30GB Total (Full Validity),No Daily Cap (Total 30 GB Pool),30,GB,3000 SMS (Full Validity),3000,30GB/Validity,64 Kbps,Yes,Not Included,Not Included,Standard Video Streaming (SD),No,Yes,No,No OTT Bundled,No OTT Subscription Bundled,Free National Roaming,Not Included,Monthly Bill on Single Invoice | Unused Data Rollover,Monthly Bill on Single Invoice | Unused Data Rollover,Website,Self-Activation via Vi App,Activation via Vi Website,Assisted Activation via Store CRM,Instant to 24 Hours,Website | Netbanking,Plan/Benefit Enquiry | Balance & Validity Enquiry,Activation Request | Plan Change Request | OTT Activation Request,Network/Speed Complaint | Billing Complaint | Deactivation Complaint,"ANE, APR, BIH, DEL, GUJ, HAR, HP, J&K, KAR, KER, KOL, MAH, MPCG, MUM, NE, ORI, PUN, RAJ, ROB, TN, UPE, UPW, WB",23,Pan India,05-Mar-23,Q4 FY2022-23,Inactive,Withdrawn,Yes,13-Nov-24,Low Subscriber Uptake,64 Kbps,13-Jan-23,17-Dec-24,UL Calls | 30GB Total (Full Validity) | 3000SMS
26130178,PLN-PRE-00043,Vi Hero Unlimited 449 (Legacy),Unlimited,Prepaid,Retail,Mass,Vi Hero Unlimited,Vodafone Idea,449,₹449.00 (GST Inclusive @18% | Base ₹380.51 + GST ₹68.49),₹449.00 (GST Inclusive @18% | Base ₹380.51 + GST ₹68.49),56,Unlimited Calls (Local+STD+NR),1GB/Day High-Speed Data,1 GB/Day,56,GB,100 SMS/Day,5600,1GB/Day,64 Kbps,No,Not Included,Not Included,Vi Movies & TV Access (Video Streaming),No,Yes,No,No OTT Bundled,No OTT Subscription Bundled,Free National Roaming,Not Included,Vi Movies & TV Access,Vi Movies & TV Access,Mini Store,Self-Activation via Vi App,Activation via Vi Website,Assisted Activation via Store CRM,Instant to 24 Hours,Retail Outlet | Cash,Plan/Benefit Enquiry | Balance & Validity Enquiry,Activation Request | Plan Change Request | OTT Activation Request,Network/Speed Complaint | Billing Complaint | Deactivation Complaint,"BIH, KOL, WB",3,East,24-Oct-23,Q3 FY2023-24,Inactive,Grandfathered,No,28-Aug-25,Regulatory Tariff Revision,64 Kbps,30-Jul-23,16-Sep-25,UL Calls | 1GB/Day High-Speed Data | 100 SMS/Day
26131051,PLN-PRE-00044,Vi Hero Unlimited Data Booster 29 (Legacy),Data,Prepaid,Retail,Data Add-On,Vi Hero Unlimited,Vodafone Idea,29,₹29.00 (GST Inclusive @18% | Base ₹24.58 + GST ₹4.42),₹29.00 (GST Inclusive @18% | Base ₹24.58 + GST ₹4.42),2,No Voice Benefit (Data Only Pack),1.5GB Total (Full Validity),No Daily Cap (Total 1.5 GB Pool),1.5,GB,No SMS Benefit,0,1.5GB/Validity,64 Kbps,No,Not Included,Not Included,Standard Video Streaming (SD),No,Yes,No,No OTT Bundled,No OTT Subscription Bundled,Not Included,Not Included,No Additional Benefit,No Additional Information,Website,Self-Activation via Vi App,Activation via Vi Website,Assisted Activation via Store CRM,Instant to 24 Hours,Retail Outlet | Cash,Plan/Benefit Enquiry | Balance & Validity Enquiry,Activation Request | Plan Change Request | OTT Activation Request,Network/Speed Complaint | Billing Complaint | Deactivation Complaint,"KOL, ORI, ROB",3,East,08-Feb-24,Q4 FY2023-24,Inactive,Withdrawn,Yes,29-Sep-24,Circle-wise Pack Harmonisation,64 Kbps,05-Dec-23,03-Oct-24,Data Only | 1.5GB Total (Full Validity)
26131687,PLN-PRE-00045,Vi Hero Unlimited 499 (Legacy),Unlimited,Prepaid,Retail,Mass,Vi Hero Unlimited,Vodafone Idea,499,₹499.00 (GST Inclusive @18% | Base ₹422.88 + GST ₹76.12),₹499.00 (GST Inclusive @18% | Base ₹422.88 + GST ₹76.12),56,Unlimited Calls (Local+STD+NR),1.5GB/Day High-Speed Data,1.5 GB/Day,84,GB,100 SMS/Day,5600,1.5GB/Day,64 Kbps,No,Not Included,Not Included,Vi Movies & TV Access (Video Streaming),Yes,Yes,No,No OTT Bundled,No OTT Subscription Bundled,Free National Roaming,Not Included,Vi Movies & TV Access,Vi Movies & TV Access,Call Center,Self-Activation via Vi App,Activation via Vi Website,Assisted Activation via Store CRM,Instant to 24 Hours,Retail Outlet | Cash,Plan/Benefit Enquiry | Balance & Validity Enquiry,Activation Request | Plan Change Request | OTT Activation Request,Network/Speed Complaint | Billing Complaint | Deactivation Complaint,"GUJ, MAH, MUM",3,West,15-Apr-23,Q1 FY2023-24,Inactive,Withdrawn,Yes,02-Feb-25,Replaced by Revised Pack,64 Kbps,17-Mar-23,06-Feb-25,UL Calls | 1.5GB/Day High-Speed Data | 100 SMS/Day | Unlimited 5G
26132160,PLN-POST-00016,Vi Max 299 (Legacy),Individual,Postpaid,Retail,Entry,Vi Max,Vodafone Idea,299,₹299.00 + GST ₹53.82 (18%) = ₹352.82,₹299.00 + GST ₹53.82 (18%) = ₹352.82,30,Unlimited Calls (Local+STD+NR),22.5GB Total (Full Validity),No Daily Cap (Total 22.5 GB Pool),22.5,GB,3000 SMS (Full Validity),3000,22.5GB/Validity,64 Kbps,Yes,Not Included,Not Included,Standard Video Streaming (SD),No,Yes,No,No OTT Bundled,No OTT Subscription Bundled,Free National Roaming,Not Included,Monthly Bill on Single Invoice | Unused Data Rollover,Monthly Bill on Single Invoice | Unused Data Rollover,Call Center,Self-Activation via Vi App,Activation via Vi Website,Assisted Activation via Store CRM,Instant to 24 Hours,Third Party App (PhonePe/Paytm),Plan/Benefit Enquiry | Balance & Validity Enquiry,Activation Request | Plan Change Request | OTT Activation Request,Network/Speed Complaint | Billing Complaint | Deactivation Complaint,"ANE, APR, BIH, DEL, GUJ, HAR, HP, J&K, KAR, KER, KOL, MAH, MPCG, MUM, NE, ORI, PUN, RAJ, ROB, TN, UPE, UPW, WB",23,Pan India,02-Apr-24,Q1 FY2024-25,Inactive,Grandfathered,Yes,19-Feb-25,Low Subscriber Uptake,64 Kbps,20-Jan-24,30-Mar-25,UL Calls | 22.5GB Total (Full Validity) | 3000SMS
26132690,PLN-PRE-00046,Vi Hero Unlimited 1199 (Legacy),Unlimited,Prepaid,Retail,Premium,Vi Hero Unlimited,Vodafone Idea,1199,₹1199.00 (GST Inclusive @18% | Base ₹1016.10 + GST ₹182.90),₹1199.00 (GST Inclusive @18% | Base ₹1016.10 + GST ₹182.90),84,Unlimited Calls (Local+STD+NR),2.5GB/Day High-Speed Data,2.5 GB/Day,210,GB,100 SMS/Day,8400,2.5GB/Day,64 Kbps,No,Not Included,Not Included,Vi Movies & TV Access (Video Streaming),Yes,Yes,No,No OTT Bundled,No OTT Subscription Bundled,Free National Roaming,Not Included,Vi Movies & TV Access,Vi Movies & TV Access,Call Center,Self-Activation via Vi App,Activation via Vi Website,Assisted Activation via Store CRM,Instant to 24 Hours,Website | Netbanking,Plan/Benefit Enquiry | Balance & Validity Enquiry,Activation Request | Plan Change Request | OTT Activation Request,Network/Speed Complaint | Billing Complaint | Deactivation Complaint,"ANE, APR, BIH, DEL, GUJ, HAR, HP, J&K, KAR, KER, KOL, MAH, MPCG, MUM, NE, ORI, PUN, RAJ, ROB, TN, UPE, UPW, WB",23,Pan India,12-Jan-24,Q4 FY2023-24,Inactive,Withdrawn,No,04-Jan-26,Regulatory Tariff Revision,64 Kbps,12-Dec-23,20-Jan-26,UL Calls | 2.5GB/Day High-Speed Data | 100 SMS/Day | Unlimited 5G
